StudentID,StudyHoursPerDay,AttendancePercentage,SleepHours,SocialMediaHours,PreviousExamScore,ParticipationInActivities,InternetUsageHours,FinalExamScore
STU0102,6.7,74.8,8.2,4.1,77.8,0,6.4,92.6
STU0947,2.2,98.1,6.1,1.2,91.4,0,4.1,96.3
STU0307,5.6,77.0,7.3,6.5,72.5,0,7.6,78.3
STU0110,1.7,70.4,5.9,7.9,72.4,0,7.8,65.7
STU1062,9.9,89.3,9.2,,64.0,0,4.7,100.0
STU1177,8.0,73.1,8.3,5.7,64.7,0,1.5,88.5
STU0631,7.4,99.9,5.6,6.1,77.7,1,6.2,97.3
STU0050,2.7,60.8,7.2,0.5,57.1,1,2.3,70.8
STU0480,5.7,100.0,4.4,4.1,65.1,0,6.9,89.7
STU0925,4.8,73.1,6.7,4.7,59.8,1,3.4,86.0
STU0411,3.9,81.1,5.5,5.2,57.6,0,6.2,74.4
STU0999,9.6,59.7,4.7,3.6,55.6,1,2.8,91.3
STU0156,3.2,100.0,5.8,3.2,64.2,1,1.7,88.2
STU0802,2.4,100.0,8.2,6.9,71.2,1,4.6,88.2
STU1001,2.7,96.0,7.1,1.8,65.1,1,3.3,91.9
STU0079,4.2,94.0,8.8,1.1,67.0,0,2.9,92.3
STU0803,6.2,82.8,8.0,5.3,70.5,0,2.2,91.2
STU0987,7.2,67.0,7.5,7.8,85.0,0,6.2,86.8
STU0853,2.9,70.9,7.3,4.4,66.7,0,7.3,66.2
STU0278,6.8,85.4,8.6,4.9,80.1,1,2.5,94.5
STU0129,1.1,84.7,8.1,6.4,59.4,0,4.1,69.9
STU0880,3.0,90.1,5.1,2.1,63.6,0,0.9,85.3
STU1170,3.6,74.3,5.9,7.7,63.5,0,3.0,70.6
STU0618,3.5,89.7,6.6,0.7,55.4,1,6.4,80.6
STU0746,9.1,75.8,6.3,6.0,74.8,0,4.0,97.4
STU0433,6.6,84.8,5.8,0.4,86.9,0,2.2,100.0
STU0175,6.8,100.0,,5.2,75.8,0,1.6,100.0
STU0644,3.9,72.5,6.1,6.5,65.5,1,0.5,75.2
STU0582,9.8,99.8,8.9,5.1,98.1,0,2.3,100.0
STU0430,2.1,88.9,7.0,2.0,76.9,0,1.4,82.2
STU0671,2.6,85.2,6.6,0.2,91.0,1,4.6,92.0
STU0378,1.2,76.0,6.0,5.2,77.5,0,0.2,85.1
STU0807,9.4,93.0,8.1,7.4,58.1,0,2.7,95.9
STU0452,6.0,100.0,9.1,5.6,40.0,0,5.2,86.8
STU0193,9.1,96.1,7.5,0.6,80.2,1,6.6,100.0
STU1197,9.8,85.2,8.3,0.4,88.2,1,0.5,100.0
STU0423,1.8,73.3,5.1,7.6,76.1,1,3.1,71.3
STU0045,3.3,93.4,6.6,3.3,71.9,0,2.7,84.3
STU0738,8.3,84.8,6.6,6.0,78.8,1,5.5,99.4
STU1074,1.2,83.6,7.5,1.5,43.6,1,4.7,72.5
STU1140,6.3,83.7,6.5,7.8,80.5,1,6.6,92.0
STU1066,7.6,92.1,6.3,7.1,79.2,0,3.2,92.7
STU1167,8.5,95.4,5.6,5.2,62.8,0,4.4,95.4
STU0159,3.1,95.3,7.9,3.1,72.7,0,1.4,90.7
STU1146,8.9,87.0,7.9,5.6,55.9,1,4.5,91.8
STU0077,7.9,92.0,5.9,3.2,45.6,1,2.8,90.9
STU1171,6.6,69.5,5.6,4.6,79.1,0,5.2,82.9
STU0071,8.0,79.3,6.2,2.8,62.2,0,2.4,92.1
STU1032,6.4,87.2,7.4,3.8,83.0,1,0.0,100.0
STU0775,8.2,91.3,6.3,2.7,83.5,0,4.9,100.0
STU0169,1.4,85.8,7.5,7.7,76.6,1,6.9,78.4
STU0919,7.9,97.7,8.4,4.8,76.7,0,2.0,100.0
STU0683,2.5,82.1,6.9,0.0,67.7,0,2.7,78.8
STU0887,6.9,82.3,6.3,2.5,73.3,0,3.6,99.3
STU0529,1.5,92.5,5.7,1.5,53.3,1,1.1,83.9
STU0299,6.6,85.4,7.7,4.2,79.7,1,4.5,98.4
STU0024,4.3,88.5,9.0,3.2,71.5,1,6.4,93.1
STU0523,9.7,88.1,5.9,5.7,75.8,1,7.6,99.6
STU1055,10.0,78.7,5.7,2.4,75.7,0,4.8,100.0
STU0124,2.0,89.0,8.8,0.4,58.4,0,0.9,84.2
STU0044,9.2,78.2,6.9,7.1,83.5,0,3.2,100.0
STU0059,1.4,100.0,5.3,3.2,79.1,0,1.0,84.2
STU0332,7.8,84.4,7.6,6.4,67.0,1,7.6,84.7
STU0219,6.8,74.0,6.4,2.8,62.9,1,3.6,96.1
STU0859,6.1,81.9,6.9,4.9,74.7,1,2.4,100.0
STU0315,8.5,79.2,5.4,,64.5,1,2.2,100.0
STU0756,8.1,88.2,7.5,5.7,70.2,0,6.0,93.2
STU1000,5.0,82.1,8.6,5.9,78.4,1,3.3,94.3
STU0843,2.6,85.4,4.7,7.5,90.1,0,2.0,84.3
STU0324,3.5,93.3,6.0,4.1,85.5,1,2.3,100.0
STU0662,9.9,85.9,7.2,6.6,76.5,0,1.0,99.7
STU0211,5.9,91.0,7.0,1.4,69.6,0,0.4,93.6
STU0114,8.3,80.4,7.7,1.1,52.8,0,1.5,93.1
STU0428,9.0,59.1,7.6,5.9,52.7,0,0.6,87.5
STU0436,7.3,75.3,7.3,6.8,69.5,0,1.8,87.8
STU0052,8.0,92.6,7.0,7.5,82.4,1,0.5,96.1
STU0221,6.9,100.0,7.8,7.9,80.3,0,4.9,95.5
STU1108,7.8,100.0,7.2,4.6,62.6,0,2.6,95.3
STU1117,1.8,76.8,6.8,7.7,61.6,1,6.5,69.7
STU0293,8.4,73.1,8.3,1.4,80.2,1,2.2,100.0
STU0359,9.5,66.6,6.5,3.3,74.6,1,0.0,100.0
STU0343,2.6,95.9,8.3,5.8,83.8,1,6.5,91.1
STU0693,5.6,86.1,6.7,7.1,58.7,0,4.6,78.2
STU0248,9.7,82.2,8.7,3.2,82.9,0,5.6,100.0
STU0055,6.4,75.3,6.8,1.2,90.4,1,7.5,96.0
STU0794,6.5,82.4,7.9,5.7,89.3,0,3.1,95.5
STU0894,4.6,85.8,6.4,6.9,68.2,0,2.5,80.9
STU0845,2.3,78.8,5.4,4.0,51.0,0,2.7,75.4
STU0057,1.8,85.0,4.3,4.8,78.2,0,5.3,75.8
STU0087,7.6,100.0,6.4,6.6,73.7,0,0.8,96.3
STU0483,5.1,98.3,7.8,2.0,52.0,0,5.4,84.2
STU0856,2.7,92.6,7.3,0.7,71.2,0,3.5,92.8
STU0558,1.3,94.3,7.4,6.6,55.8,1,4.0,85.4
STU1168,5.6,84.2,5.7,4.1,62.4,0,0.8,90.9
STU0410,1.8,82.0,8.1,4.0,61.6,1,4.7,85.2
STU0603,2.6,86.4,8.5,2.3,53.9,1,4.9,83.8
STU0701,5.8,85.7,8.1,6.1,52.3,0,3.5,80.5
STU0395,4.1,84.3,7.4,3.9,59.7,1,6.4,86.7
STU0424,5.4,67.0,4.7,2.5,85.3,1,3.1,93.8
STU0873,6.8,100.0,4.7,0.3,68.5,0,2.2,92.1
STU0329,4.8,100.0,6.3,0.1,89.6,0,0.7,100.0
STU1152,8.5,80.5,7.7,1.4,77.9,0,0.8,98.2
STU0623,4.3,84.0,9.1,7.6,49.7,0,2.0,75.2
STU0651,1.8,77.7,6.9,4.8,75.4,1,1.0,81.6
STU0245,1.1,86.0,7.2,8.0,74.2,0,7.7,78.9
STU0291,1.3,76.6,7.5,4.7,79.5,1,5.1,84.8
STU0672,9.1,77.7,7.4,5.5,82.5,0,2.7,95.9
STU0963,3.2,90.5,4.8,3.1,53.2,1,7.5,87.2
STU0197,7.5,100.0,7.0,3.3,73.9,1,7.7,94.6
STU1095,3.1,98.6,8.6,7.4,64.1,0,5.6,82.4
STU0579,5.4,92.0,7.2,1.3,76.4,0,3.2,98.7
STU1027,8.8,79.0,5.8,5.7,67.5,0,2.2,98.8
STU1009,3.2,87.5,8.1,4.7,82.3,1,7.5,87.2
STU0742,3.7,90.5,8.5,,63.9,1,0.8,83.3
STU0108,7.8,100.0,7.9,7.6,72.1,0,6.9,94.4
STU0199,9.0,88.0,5.7,3.3,85.5,1,6.5,100.0
STU1080,9.5,76.8,8.0,4.8,83.9,0,7.1,100.0
STU0719,2.1,83.1,6.3,7.3,68.6,1,3.3,79.0
STU1056,4.2,93.6,6.6,6.2,49.0,1,3.8,81.8
STU0275,5.6,86.2,6.3,4.5,74.9,0,1.8,96.0
STU0362,6.8,63.5,4.7,5.2,40.0,0,2.3,70.2
STU0200,8.0,77.5,6.5,0.2,76.5,0,0.3,94.1
STU0082,6.6,79.6,7.0,4.8,78.6,0,4.2,93.7
STU0755,2.3,76.0,6.3,4.2,85.5,1,6.2,79.1
STU0858,5.2,70.4,5.8,4.1,80.1,0,2.7,84.5
STU0747,4.5,100.0,7.0,3.9,69.3,1,0.1,100.0
STU0986,5.5,90.0,5.5,5.7,94.3,0,2.1,98.4
STU0917,3.7,86.6,7.9,7.7,62.4,0,4.0,85.0
STU1193,4.1,100.0,7.2,5.5,73.5,0,5.4,91.2
STU0592,6.8,100.0,7.1,6.9,49.8,0,4.7,87.8
STU1076,4.8,81.9,8.5,0.2,70.4,0,2.1,95.4
STU0148,5.5,80.1,5.7,5.3,57.0,0,6.7,75.1
STU0234,5.4,100.0,5.4,4.6,73.2,0,1.4,93.2
STU0210,2.4,72.7,7.1,0.8,76.6,0,4.2,84.4
STU0891,7.5,82.9,6.5,6.1,79.5,0,5.9,86.5
STU0904,6.2,87.3,6.2,7.4,47.8,1,4.4,70.1
STU0472,9.7,78.4,6.4,7.8,66.6,1,1.3,92.1
STU0731,2.5,74.9,8.4,6.4,78.8,0,3.0,77.2
STU0924,8.2,100.0,6.1,1.0,66.0,0,6.0,100.0
STU0425,1.5,90.4,9.2,6.9,71.5,0,2.3,80.4
STU0276,5.5,90.4,6.7,6.4,67.2,0,0.1,86.1
STU0708,8.3,81.0,6.6,2.1,80.6,1,1.0,100.0
STU0702,1.5,93.5,6.6,2.7,53.5,0,0.4,83.6
STU1192,6.2,83.1,9.8,4.2,69.7,0,3.7,96.9
STU0679,9.7,86.2,6.9,1.2,79.5,1,5.2,100.0
STU0568,4.9,100.0,8.7,3.0,70.9,1,6.8,100.0
STU0875,1.2,77.9,6.5,6.7,79.0,0,3.9,76.2
STU0185,3.3,93.7,7.3,2.0,51.4,1,6.4,85.0
STU1028,8.6,98.7,5.0,4.7,66.2,0,1.6,93.0
STU0136,3.9,67.6,5.7,7.7,80.5,0,2.6,78.2
STU0629,1.3,94.1,7.2,7.6,57.7,0,7.8,65.9
STU0320,3.3,77.3,6.7,4.9,43.9,0,4.2,73.8
STU0267,7.3,69.1,6.9,1.7,57.5,0,1.1,80.9
STU0141,9.7,80.3,6.4,4.6,72.4,0,0.6,100.0
STU0705,1.6,78.6,8.9,4.8,74.7,0,0.2,76.8
STU0333,1.1,90.6,7.1,7.5,65.9,0,0.0,73.3
STU0590,2.4,91.3,8.1,7.6,53.8,0,0.6,77.7
STU0786,9.2,93.5,7.9,2.7,64.9,1,5.3,100.0
STU0412,9.6,86.7,7.1,4.1,78.0,1,6.6,100.0
STU0209,1.0,96.9,7.6,1.9,59.9,0,2.3,84.8
STU0732,8.3,96.4,7.2,6.8,54.7,0,1.7,84.8
STU1199,7.7,73.2,7.0,2.8,65.5,0,6.0,82.4
STU1198,9.7,90.5,7.6,3.1,74.6,0,8.0,98.8
STU0171,7.1,94.2,7.8,0.8,46.8,1,6.9,92.7
STU0655,4.9,74.8,5.6,1.6,54.5,0,3.8,79.6
STU0773,2.1,88.5,6.9,,45.1,0,4.2,65.1
STU0241,9.5,90.9,5.7,3.3,67.9,0,4.8,98.5
STU1132,5.5,86.9,8.7,5.5,70.1,0,0.6,93.1
STU0164,5.8,84.6,8.2,0.6,66.7,1,2.2,100.0
STU0520,2.4,90.9,5.3,2.8,73.2,1,1.4,88.2
STU0940,6.2,96.3,7.0,,74.8,0,7.8,87.4
STU0157,7.0,88.8,6.4,4.1,48.6,0,0.3,86.2
STU0824,4.6,91.8,7.9,4.7,56.5,1,4.8,85.2
STU0860,1.6,77.5,7.1,1.9,75.4,1,4.6,82.0
STU0724,7.7,88.3,8.0,3.5,100.0,0,1.1,100.0
STU0944,8.5,82.9,9.0,0.3,63.9,0,0.6,100.0
STU0322,7.4,69.4,6.2,0.7,71.9,0,0.1,88.7
STU0515,1.4,86.8,6.0,5.8,44.9,1,0.3,63.8
STU0888,3.1,76.1,8.2,0.9,45.1,0,5.8,70.2
STU0595,9.1,82.7,5.7,0.1,71.8,0,3.5,100.0
STU0606,5.1,83.5,5.9,3.1,81.6,0,1.4,92.0
STU0406,9.1,99.9,5.9,5.5,73.0,0,3.3,100.0
STU0429,4.2,79.5,4.0,5.4,78.0,0,5.4,86.4
STU0614,1.7,100.0,7.6,5.9,89.3,1,5.4,95.6
STU0965,3.6,80.6,6.9,1.1,72.2,0,4.3,80.5
STU0739,5.0,75.0,6.0,2.9,70.1,1,5.8,87.0
STU0725,6.2,86.9,5.7,6.8,79.7,1,5.4,87.3
STU1098,2.7,86.8,5.8,3.6,56.5,0,7.3,68.9
STU0097,5.7,100.0,6.2,7.8,49.1,1,2.7,76.0
STU0448,7.8,82.9,5.7,5.7,76.2,0,4.3,92.6
STU0826,9.3,66.7,8.8,5.3,70.8,0,0.6,92.8
STU0179,9.4,91.1,7.7,2.4,83.8,0,1.0,100.0
STU0032,2.5,89.5,7.7,7.8,50.8,0,0.8,72.0
STU0356,6.8,94.6,6.1,6.1,75.1,1,7.8,86.2
STU0862,5.1,98.4,9.9,3.4,70.6,0,4.6,99.0
STU0334,2.0,85.8,7.9,0.2,75.9,0,2.0,89.6
STU0567,4.5,100.0,7.4,3.3,60.3,1,7.1,94.7
STU0287,5.2,82.1,8.2,4.0,57.2,0,7.7,77.2
STU0372,1.2,88.2,7.4,5.8,89.4,1,6.8,85.9
STU0600,1.4,100.0,8.6,6.6,72.8,0,0.8,78.3
STU0310,3.4,79.5,8.0,7.3,79.4,0,3.1,81.9
STU0089,9.0,78.5,6.5,3.8,73.3,0,5.6,95.0
STU1008,8.6,70.0,7.5,0.5,77.9,0,1.0,100.0
STU0426,5.9,92.6,7.5,1.1,64.4,1,2.1,96.7
STU0351,5.5,86.9,5.4,1.1,74.3,0,1.4,99.3
STU0232,5.5,81.8,7.5,5.8,74.6,0,3.4,76.1
STU1044,6.6,55.6,7.7,6.6,67.4,0,0.1,75.6
STU0311,5.0,90.7,6.5,4.6,67.7,1,7.7,88.4
STU0468,8.8,86.8,4.3,3.1,75.9,0,7.6,96.0
STU0622,2.9,97.3,6.8,2.2,69.9,0,1.4,89.2
STU0271,8.3,87.2,7.2,6.2,74.4,1,6.1,100.0
STU1094,5.6,87.8,7.9,4.9,66.4,0,5.6,86.2
STU0440,1.7,75.7,7.8,4.4,74.3,1,6.1,81.3
STU0416,5.0,96.9,6.6,6.9,64.2,1,7.1,88.7
STU0524,8.6,100.0,8.8,0.9,46.6,0,1.1,95.6
STU0011,1.2,87.4,5.5,3.7,60.7,1,3.2,84.3
STU0495,5.2,81.4,7.1,2.1,82.4,0,2.2,100.0
STU0985,7.6,91.4,6.6,5.1,50.5,0,4.2,91.6
STU0479,9.7,70.8,6.3,4.0,67.2,0,2.2,85.1
STU0060,3.9,93.8,6.7,2.7,72.4,0,0.5,95.4
STU1063,7.9,93.0,6.5,7.9,63.8,1,7.3,86.9
STU0064,4.2,64.6,7.6,5.9,76.0,1,6.1,83.0
STU0290,6.3,87.8,7.4,0.2,72.6,1,0.2,100.0
STU0266,7.7,88.2,6.2,4.6,79.2,0,3.6,97.5
STU0707,3.9,81.7,6.7,0.4,55.6,1,3.9,78.6
STU0830,5.1,94.5,6.7,4.2,70.9,1,5.8,94.9
STU0491,5.1,100.0,7.5,6.6,58.1,0,4.9,90.8
STU0653,6.3,87.0,8.0,3.1,64.6,1,6.1,100.0
STU0244,4.3,87.8,6.3,4.2,74.1,0,0.7,87.5
STU1069,4.2,84.7,7.9,7.9,49.6,0,4.3,70.5
STU0584,4.0,83.1,8.8,0.6,81.4,0,5.9,95.2
STU0353,6.9,86.3,6.3,4.0,62.0,0,3.4,90.2
STU0261,6.5,90.5,8.1,4.8,78.9,0,4.1,91.8
STU1128,4.7,76.8,7.2,4.3,65.2,0,2.7,81.4
STU0678,4.6,75.5,4.9,0.6,85.0,1,2.4,93.0
STU1036,7.3,91.5,6.2,0.7,58.3,0,5.4,93.6
STU0909,3.3,73.6,6.6,4.4,67.6,0,6.9,73.4
STU1136,1.7,84.0,8.4,4.3,83.4,0,0.7,88.6
STU0895,7.0,82.8,6.5,4.8,60.8,0,7.8,79.1
STU0867,2.4,87.1,5.9,1.6,63.1,0,2.0,82.6
STU1007,7.2,100.0,7.0,3.2,62.3,1,1.4,100.0
STU0295,2.1,91.3,6.7,0.7,87.4,0,5.2,88.8
STU0877,7.4,67.0,7.7,0.4,97.3,0,4.1,100.0
STU0383,6.7,84.7,7.6,1.6,66.2,0,7.3,87.1
STU0635,2.0,60.8,8.1,6.2,73.2,0,2.5,71.0
STU0907,8.4,78.9,7.1,7.3,72.6,0,4.6,90.6
STU0382,7.3,89.7,5.4,2.2,95.9,0,5.1,100.0
STU0309,8.2,100.0,6.8,6.0,69.9,0,5.1,96.6
STU0527,4.7,90.7,6.2,1.9,76.1,0,0.5,95.2
STU0533,10.0,83.6,5.6,2.7,61.1,0,0.1,98.4
STU0084,1.6,87.0,7.7,7.5,66.1,0,3.6,70.7
STU0753,6.6,89.0,4.3,3.8,57.6,1,2.9,92.2
STU0979,5.5,69.3,5.4,5.9,64.4,1,3.3,79.1
STU0915,6.0,79.5,6.3,0.8,59.0,0,6.2,87.5
STU0130,5.6,96.7,6.5,4.4,74.2,1,3.4,97.2
STU0906,9.0,87.9,5.8,3.9,70.2,0,2.5,100.0
STU0865,4.6,83.4,7.1,6.7,61.7,0,0.7,77.8
STU0539,5.1,100.0,8.0,0.1,77.9,0,2.5,99.5
STU0550,8.0,89.2,,0.8,69.8,1,4.7,95.5
STU1120,2.2,84.9,6.1,4.6,71.8,0,2.2,85.3
STU0616,9.3,80.4,7.7,1.2,77.6,1,7.2,100.0
STU0139,4.3,72.1,4.9,1.8,57.3,1,3.5,73.2
STU0931,2.3,87.9,5.6,5.0,98.6,1,5.8,88.7
STU0142,3.3,88.5,6.9,1.5,77.3,0,4.1,86.1
STU0552,8.7,80.6,6.7,2.8,72.9,1,4.6,100.0
STU0945,2.9,81.9,,2.6,63.8,1,3.9,87.0
STU0487,1.4,78.6,7.7,,54.8,0,2.3,78.5
STU0140,9.7,96.6,7.4,,40.0,1,0.1,98.6
STU0364,5.9,100.0,6.2,2.4,55.4,0,5.2,93.5
STU0844,9.6,100.0,6.9,7.4,62.9,0,1.6,99.1
STU0225,3.4,78.6,,1.8,44.0,0,3.2,78.1
STU0736,8.9,78.9,7.8,5.4,68.3,0,2.6,94.9
STU0585,6.7,77.8,7.6,7.3,71.6,0,2.0,84.8
STU0391,9.9,78.9,6.7,7.7,78.6,1,3.8,100.0
STU1031,1.3,95.6,8.6,3.7,66.9,1,4.5,87.9
STU0368,9.1,84.0,8.0,7.7,71.5,1,2.0,98.6
STU0576,9.5,85.0,8.2,2.4,75.8,1,3.1,100.0
STU0977,6.4,83.9,6.1,1.6,58.4,1,3.1,92.6
STU1099,8.0,100.0,6.0,2.2,56.8,1,3.9,100.0
STU0758,5.8,96.9,6.4,3.6,85.1,0,5.0,100.0
STU1025,9.5,75.9,4.0,4.0,78.4,0,0.3,100.0
STU0583,5.4,73.6,6.0,1.0,80.4,0,1.4,89.4
STU0297,7.9,83.1,5.2,4.4,62.8,0,1.4,90.4
STU0466,4.4,86.4,7.1,2.4,78.4,1,0.8,100.0
STU0598,2.6,95.9,7.0,7.5,86.3,0,4.0,89.7
STU0549,5.7,83.8,7.4,6.9,59.9,0,7.7,78.0
STU1068,2.0,95.7,4.7,5.7,75.1,1,2.6,93.1
STU0846,4.7,86.9,9.4,2.6,79.8,1,3.8,100.0
STU0998,2.2,75.8,7.9,4.9,100.0,0,3.3,87.6
STU0040,5.0,100.0,5.5,3.6,74.6,0,7.5,90.0
STU0031,6.5,90.7,8.5,4.7,54.3,1,0.3,97.1
STU0243,9.2,92.6,6.8,3.2,65.0,0,4.8,98.8
STU0711,7.8,100.0,9.7,6.0,76.8,0,4.6,99.9
STU0137,5.7,81.4,7.8,4.3,62.0,1,4.7,96.1
STU0984,1.7,100.0,6.7,7.9,61.1,1,6.0,74.2
STU0718,9.7,89.3,5.7,2.8,78.2,0,5.6,100.0
STU0004,6.4,100.0,7.0,4.9,58.4,0,6.6,86.1
STU0729,2.8,86.7,6.1,5.0,48.5,1,0.8,81.1
STU0610,7.2,79.7,7.4,1.3,75.7,0,2.6,100.0
STU1038,7.5,85.9,4.9,3.8,84.8,1,5.8,100.0
STU0399,7.8,75.6,7.5,6.5,75.8,0,6.4,87.3
STU0847,1.8,77.6,8.1,5.9,53.4,1,2.4,72.3
STU1183,6.7,79.6,5.6,2.0,62.5,1,5.6,93.9
STU1023,9.3,67.3,8.0,7.8,71.0,1,2.2,93.9
STU0938,9.2,68.4,7.4,2.4,57.1,1,1.1,98.5
STU0381,2.1,95.9,5.4,3.2,78.4,0,5.4,91.9
STU0594,4.1,90.8,6.4,6.8,69.6,0,3.4,81.7
STU0006,2.4,63.0,7.7,6.5,74.4,0,7.5,69.4
STU0101,1.3,91.1,4.8,3.2,81.9,0,7.3,80.7
STU0645,2.1,87.9,6.8,0.6,86.2,1,1.1,83.9
STU0514,8.8,96.7,6.7,0.5,62.2,0,3.3,99.0
STU0482,7.3,82.5,8.5,7.9,73.5,1,5.5,91.8
STU0814,9.3,83.3,6.4,4.3,76.1,0,4.2,100.0
STU0757,6.6,73.2,4.0,2.0,55.2,0,4.9,78.4
STU1150,8.8,97.0,7.2,3.0,68.9,0,6.4,100.0
STU1061,8.9,78.6,8.1,7.5,60.7,1,6.3,85.1
STU0228,4.5,95.1,7.3,7.8,53.8,0,3.1,77.0
STU0345,4.6,74.1,6.1,7.0,69.8,0,3.7,83.8
STU0573,4.6,92.8,,0.9,43.9,0,2.5,83.6
STU1070,3.6,76.2,4.7,0.4,63.3,1,7.3,79.6
STU0542,6.5,89.4,7.8,7.9,67.0,1,1.5,94.5
STU0067,2.3,75.0,7.2,4.4,81.3,0,3.0,86.4
STU0068,8.2,82.2,6.2,4.8,72.3,1,4.1,96.9
STU0328,6.5,72.9,8.8,6.5,81.2,1,5.6,91.6
STU0212,7.2,92.0,6.2,6.4,50.9,0,1.3,87.4
STU0013,8.5,72.2,7.2,5.6,64.5,0,7.7,79.3
STU0661,4.2,76.7,6.5,2.9,64.5,0,0.3,83.9
STU0839,6.2,100.0,7.4,3.5,69.5,0,3.0,99.1
STU0300,1.8,83.5,6.9,7.2,63.0,1,6.9,68.2
STU0722,2.6,100.0,6.4,6.5,69.4,0,2.8,81.2
STU1006,6.9,83.9,8.8,2.8,70.9,0,4.0,94.1
STU1079,3.0,85.0,6.1,3.7,72.0,1,3.2,85.3
STU0434,1.9,90.8,7.1,5.7,64.2,0,6.1,74.4
STU0494,2.7,95.7,7.9,3.7,67.0,0,3.4,85.7
STU1142,4.1,94.3,7.8,4.0,77.7,1,1.8,98.9
STU0835,5.5,85.8,6.4,1.5,57.1,1,5.1,87.6
STU0535,7.9,82.9,7.7,,87.1,0,1.4,100.0
STU0462,6.8,77.5,6.9,5.1,81.5,0,7.0,88.3
STU1196,8.8,82.4,7.3,0.4,71.5,0,6.1,100.0
STU0574,6.6,79.5,8.3,7.6,63.6,0,6.0,76.3
STU0459,1.5,98.0,5.4,0.4,57.4,1,5.5,81.2
STU0274,9.2,80.7,7.2,5.6,69.3,0,2.0,97.9
STU0694,3.2,70.6,8.0,4.4,83.4,0,6.8,79.1
STU0238,1.2,100.0,8.8,0.5,82.7,1,3.9,100.0
STU0463,7.7,89.6,8.5,2.2,60.5,0,3.3,100.0
STU0003,7.6,79.4,7.5,2.5,62.8,1,4.3,96.2
STU0007,1.5,89.4,6.6,4.7,95.1,1,6.4,89.2
STU0312,1.7,100.0,5.1,1.4,84.3,0,2.6,90.3
STU1033,3.1,84.5,6.3,3.1,68.5,0,3.4,81.9
STU0363,5.1,88.9,7.0,7.5,76.3,1,1.5,88.1
STU0763,3.2,90.9,7.2,7.8,96.2,0,5.9,82.6
STU0216,3.1,86.3,6.4,7.4,70.0,1,3.6,79.2
STU1122,9.6,86.6,4.8,0.0,79.6,0,2.3,100.0
STU0028,5.6,96.2,6.3,7.5,53.6,0,2.3,84.1
STU1162,2.2,99.5,6.7,1.9,62.6,1,2.8,85.3
STU0377,8.6,90.4,5.7,3.4,67.0,0,4.3,95.8
STU0935,2.5,92.9,6.9,7.3,57.7,0,2.6,78.6
STU0788,4.6,84.1,9.2,0.7,82.6,1,5.1,100.0
STU0967,7.5,84.1,6.0,6.0,68.8,0,2.6,89.1
STU0561,7.3,69.7,7.9,1.9,47.1,1,0.5,81.2
STU0791,2.4,92.1,7.1,1.5,78.9,1,3.1,92.8
STU0543,3.1,97.0,6.2,3.9,85.8,0,3.4,90.5
STU0355,1.6,92.1,9.4,1.9,83.2,0,2.2,94.6
STU1054,8.2,71.2,7.6,1.0,72.6,1,3.5,100.0
STU0414,6.2,85.0,5.5,2.5,58.6,0,7.2,82.7
STU0257,9.4,75.1,7.0,5.4,72.0,1,3.6,95.1
STU0292,1.3,100.0,5.4,7.5,63.2,0,3.3,67.7
STU0026,8.1,99.4,7.3,3.6,60.5,0,2.4,100.0
STU0337,8.7,86.7,8.0,3.7,70.8,0,5.8,97.2
STU0571,5.6,95.2,7.7,3.9,84.0,1,7.1,95.2
STU0048,5.7,66.1,,3.5,68.7,0,2.5,84.7
STU0319,2.4,85.3,7.4,3.4,76.5,0,3.5,89.5
STU0107,4.7,80.2,5.5,6.5,71.9,0,3.3,86.1
STU1191,1.6,59.4,8.3,2.6,46.4,0,2.5,64.9
STU0056,9.3,84.5,8.6,3.8,65.2,1,3.0,100.0
STU0530,8.8,88.8,8.1,0.3,61.5,0,5.7,100.0
STU0214,3.0,98.8,7.5,4.4,63.1,0,1.1,87.0
STU0121,8.3,99.8,6.8,3.1,80.1,0,4.9,100.0
STU0823,4.0,58.0,8.4,6.1,80.7,0,0.9,78.0
STU0421,8.1,71.3,8.2,6.0,67.7,0,3.6,86.9
STU0528,3.5,67.4,8.0,0.4,69.3,0,2.6,82.2
STU0073,1.0,99.0,9.2,4.3,69.4,0,7.0,78.8
STU0669,2.7,91.2,7.7,2.7,71.0,0,4.7,84.3
STU0754,4.0,84.8,4.5,7.2,64.7,1,7.3,80.7
STU1084,8.9,77.4,5.6,0.1,59.1,1,1.0,92.7
STU0431,2.3,70.2,7.4,7.0,76.9,0,2.8,77.4
STU0902,1.2,85.2,7.0,2.3,91.6,0,4.1,95.8
STU0874,4.7,84.4,6.0,0.4,67.5,0,7.0,81.0
STU0778,7.5,82.6,7.9,7.2,74.2,0,4.8,87.2
STU1121,9.0,81.7,7.3,7.3,53.1,0,1.2,95.2
STU0812,8.6,100.0,6.5,1.0,97.9,0,6.8,100.0
STU0978,1.5,89.5,7.4,6.4,63.5,0,7.7,67.6
STU0326,7.6,88.7,6.1,2.3,85.7,0,1.4,100.0
STU0934,5.7,93.1,6.6,1.6,63.9,0,3.8,91.2
STU0317,4.7,78.5,6.4,4.4,62.6,1,8.0,83.4
STU0627,5.2,82.7,6.9,1.4,65.3,0,7.6,85.0
STU1046,6.5,86.9,7.9,0.4,76.5,0,6.5,96.5
STU0536,9.5,76.5,5.9,4.1,65.0,0,4.8,93.8
STU0820,4.0,90.0,4.0,7.8,90.4,0,5.9,83.6
STU0443,4.4,83.3,7.0,4.1,98.7,1,6.8,95.9
STU0554,6.0,81.3,6.6,3.2,79.6,1,6.6,100.0
STU0061,4.5,82.8,,1.0,75.7,0,2.4,97.9
STU1048,1.2,81.1,6.1,4.1,55.6,0,0.7,69.5
STU0093,7.8,90.2,6.6,2.2,63.7,1,5.7,94.4
STU0866,6.0,91.7,6.7,1.9,62.1,0,0.4,89.2
STU1151,7.4,83.6,7.1,6.2,67.9,0,7.5,82.2
STU0352,8.7,81.9,7.8,6.9,85.1,1,2.5,100.0
STU0943,6.9,73.9,5.5,4.9,73.5,0,3.5,95.0
STU0281,9.0,71.0,8.0,2.1,69.0,1,2.5,100.0
STU1003,8.9,72.7,6.9,2.4,52.4,1,4.3,93.6
STU0695,2.0,94.2,6.9,4.3,66.5,0,1.9,76.8
STU0360,6.2,90.1,6.9,1.7,80.1,0,4.8,100.0
STU0439,7.4,84.7,5.8,6.7,74.9,0,7.0,85.0
STU0555,8.9,100.0,6.6,1.9,81.1,0,2.6,100.0
STU0840,6.7,83.2,6.3,2.2,53.1,1,7.5,81.7
STU0534,6.0,72.8,5.9,3.6,77.8,0,6.5,89.2
STU0619,8.3,75.0,7.3,3.0,63.2,1,6.3,99.9
STU0733,7.0,98.2,6.4,3.2,82.6,1,4.7,100.0
STU0183,9.3,83.1,6.6,1.0,56.1,0,6.0,97.1
STU0650,5.5,96.6,6.7,1.2,87.0,0,4.1,100.0
STU1141,8.4,99.2,7.3,6.8,61.5,0,3.2,94.4
STU0111,3.6,87.2,6.5,0.7,62.7,1,4.9,86.9
STU0371,1.9,87.7,7.9,5.4,77.6,0,3.7,84.8
STU0240,2.6,90.6,5.0,1.1,58.8,0,2.7,82.9
STU0716,9.4,89.5,5.6,3.6,98.7,0,4.9,100.0
STU0637,5.8,92.4,7.3,5.0,63.8,0,4.5,87.4
STU1160,1.3,83.5,6.7,2.7,65.9,0,5.9,80.0
STU0589,2.2,100.0,7.8,0.6,61.8,1,3.1,89.7
STU0813,2.1,84.0,8.2,2.4,69.8,1,2.1,88.8
STU0262,9.9,75.3,8.2,4.6,62.3,1,3.0,99.8
STU0498,1.7,65.3,6.0,2.6,58.3,1,3.6,75.6
STU0797,9.4,75.6,7.1,1.6,55.9,0,2.4,100.0
STU0340,1.9,76.0,7.0,5.4,63.9,0,4.1,69.6
STU0723,1.6,90.8,6.3,2.7,78.5,1,7.3,84.5
STU0559,7.8,70.8,7.6,0.0,77.1,0,6.0,99.9
STU0630,3.3,77.0,6.1,1.1,65.5,1,1.8,88.9
STU0184,8.9,87.2,9.2,4.1,54.0,0,5.0,98.6
STU0138,7.3,73.8,8.4,4.8,69.3,0,6.8,86.9
STU1165,2.4,91.2,8.5,2.1,74.1,1,5.7,92.2
STU0714,4.7,99.1,5.2,2.7,70.8,1,6.5,92.1
STU0941,3.5,74.1,7.3,3.8,74.3,0,1.8,77.9
STU0081,8.8,95.5,6.6,3.5,74.9,0,4.7,100.0
STU0507,9.2,83.3,9.0,1.8,73.3,1,3.0,100.0
STU0833,2.3,100.0,6.0,,57.6,0,6.0,79.0
STU0769,4.1,75.0,4.5,5.8,68.0,0,4.1,77.8
STU0030,1.4,89.6,6.6,1.0,78.4,1,5.8,92.0
STU0454,9.2,80.1,7.5,7.0,64.1,1,5.7,90.7
STU0166,8.5,85.5,6.0,4.5,76.0,0,4.8,99.7
STU0249,9.7,68.1,,1.1,76.0,0,4.7,93.1
STU0308,3.9,100.0,6.6,3.4,58.2,0,1.1,90.8
STU0771,2.0,90.1,6.7,5.9,79.9,0,3.6,85.8
STU0465,9.7,100.0,6.9,7.5,53.6,0,7.9,93.4
STU0347,6.7,97.1,7.4,1.8,64.6,0,1.5,94.7
STU0335,1.4,90.4,7.6,1.2,78.2,0,7.4,88.4
STU0286,1.3,93.9,5.9,0.1,77.9,0,6.9,85.8
STU0960,7.6,89.2,8.5,0.7,66.9,1,6.5,99.6
STU0098,4.8,89.4,,1.4,63.4,0,5.4,91.5
STU0486,9.1,100.0,7.0,4.8,78.7,0,3.3,100.0
STU1041,5.9,83.1,6.9,3.3,62.1,1,7.6,88.5
STU0923,9.1,78.5,5.4,4.6,82.4,1,7.1,95.5
STU0980,6.4,73.7,7.7,,52.2,1,4.8,85.5
STU0939,2.1,95.3,9.1,1.5,67.9,0,3.2,87.4
STU0621,2.7,92.7,7.5,0.3,57.2,1,3.2,87.7
STU0809,5.1,74.5,6.3,,71.0,0,5.2,88.9
STU0765,1.3,93.7,7.9,5.3,89.5,0,7.0,89.3
STU0696,6.5,78.3,5.3,,87.4,0,7.0,94.3
STU0066,5.9,78.2,5.4,0.5,66.2,0,4.5,93.2
STU0699,2.4,80.5,8.5,2.6,57.9,0,7.5,77.4
STU0782,5.9,75.3,8.5,4.8,56.5,0,7.8,81.5
STU0849,5.5,78.9,8.5,3.8,66.9,1,1.3,92.6
STU1088,2.5,83.1,9.1,4.3,71.4,0,2.9,90.8
STU1103,9.0,93.1,6.5,2.3,100.0,0,0.3,100.0
STU0303,5.9,79.4,7.7,6.9,55.9,1,5.4,80.3
STU0255,2.5,94.2,7.4,1.7,69.4,0,4.7,95.0
STU0969,6.1,82.4,8.3,5.4,79.0,1,4.8,98.0
STU0942,6.0,80.9,7.8,1.8,76.1,0,4.9,90.6
STU0313,1.2,81.2,9.1,2.2,82.3,0,7.7,88.4
STU0537,8.6,79.2,7.6,6.9,79.1,0,2.7,94.7
STU0222,6.1,76.5,6.5,1.9,90.1,0,0.9,97.4
STU0478,6.0,77.4,6.8,7.0,66.9,0,4.8,78.2
STU0389,7.8,74.3,7.1,6.8,63.2,0,1.1,87.8
STU0236,7.5,68.5,8.3,6.4,69.2,1,6.8,82.2
STU0817,6.3,75.7,7.4,1.3,48.2,1,4.5,89.0
STU0911,6.3,84.7,5.8,,82.5,0,1.8,98.5
STU1156,7.8,62.0,8.1,6.3,48.7,0,4.0,80.2
STU0306,9.8,100.0,6.8,4.8,80.0,1,3.5,100.0
STU1115,6.3,79.8,5.0,0.7,54.0,1,5.5,82.6
STU0562,2.9,97.6,,1.9,71.1,1,5.8,94.1
STU1137,8.7,87.7,7.8,4.3,63.7,1,6.8,94.0
STU0927,3.4,95.0,9.1,3.3,66.0,0,3.0,87.3
STU1143,7.1,94.7,6.7,4.8,65.4,1,4.1,96.3
STU0250,8.7,84.0,5.4,1.3,94.9,1,3.6,100.0
STU1042,8.1,96.3,6.5,7.0,66.9,1,6.5,96.7
STU0772,8.6,86.8,7.3,6.2,82.9,1,4.6,100.0
STU0072,2.8,90.7,7.6,6.4,70.3,1,5.9,84.6
STU0095,7.9,84.8,7.9,1.0,61.9,1,0.2,100.0
STU0553,6.0,92.2,7.8,0.1,71.0,0,7.4,92.8
STU0034,9.5,98.3,7.3,0.5,78.8,0,1.2,100.0
STU0870,9.5,77.0,5.5,0.5,65.1,1,6.5,98.7
STU0842,7.0,90.5,7.3,2.8,76.2,0,4.7,100.0
STU0586,3.2,66.3,5.3,1.5,68.3,0,3.6,76.8
STU0449,4.4,78.3,8.8,0.8,70.3,0,4.2,90.9
STU0446,9.5,68.9,6.9,6.6,71.3,0,7.3,90.3
STU0260,1.9,82.8,5.9,2.9,59.5,0,1.9,71.9
STU0205,6.5,100.0,5.2,4.8,53.3,1,6.8,90.1
STU1015,7.4,87.7,6.9,5.6,62.7,0,6.2,84.8
STU0831,3.0,100.0,8.4,2.7,74.8,1,5.2,99.5
STU1119,3.4,85.0,7.5,,71.2,0,2.4,83.1
STU0366,4.5,93.4,8.7,6.1,40.0,0,5.5,73.2
STU0689,7.9,88.0,7.6,7.7,68.5,0,4.0,91.4
STU0078,1.7,88.9,7.6,2.4,70.6,0,4.4,88.2
STU0085,3.8,100.0,8.1,6.0,77.1,0,6.4,96.2
STU0546,4.2,85.1,6.4,2.0,66.6,0,0.1,90.4
STU0083,4.0,98.2,5.5,0.6,72.7,1,1.6,92.4
STU0458,5.2,88.0,6.2,7.1,69.4,0,3.3,84.3
STU0744,5.5,81.3,7.6,1.6,94.5,1,6.7,100.0
STU0437,1.7,97.0,5.9,3.1,62.7,1,3.7,84.9
STU0674,5.7,98.7,10.0,0.4,54.0,0,7.9,88.8
STU0900,1.8,99.1,7.5,3.9,58.1,0,4.6,86.6
STU0405,3.9,82.9,7.7,1.2,80.3,0,5.2,92.3
STU1049,8.8,96.2,5.2,2.3,83.0,0,5.9,99.5
STU0615,8.9,100.0,7.1,5.2,72.7,0,4.2,100.0
STU0766,6.1,71.5,7.3,6.7,74.6,0,1.7,84.9
STU0105,9.2,89.0,4.6,5.4,73.5,1,0.1,99.6
STU0544,7.0,78.9,7.7,7.9,59.5,0,5.3,84.9
STU0721,9.4,96.9,6.3,6.1,62.1,1,5.2,90.3
STU0063,8.5,87.1,5.1,1.3,50.1,0,1.4,92.1
STU0282,4.0,100.0,5.6,3.4,66.4,0,1.0,91.9
STU0799,7.3,79.6,6.9,0.3,77.3,0,6.3,97.9
STU0239,6.8,98.8,6.4,5.5,62.9,0,7.8,82.8
STU0224,4.3,63.5,7.7,6.6,82.9,1,3.5,81.5
STU0146,1.3,72.2,7.0,4.2,43.4,0,1.5,63.4
STU1123,8.8,93.3,7.7,6.5,72.9,0,2.5,100.0
STU0374,7.1,94.9,8.2,1.7,69.6,0,3.4,99.8
STU0119,9.0,91.5,5.9,4.8,73.9,0,5.3,89.6
STU0810,2.0,74.3,6.7,0.4,57.2,1,6.8,77.9
STU0251,3.7,75.1,6.5,7.6,84.2,1,6.9,83.5
STU1161,8.4,80.5,6.2,6.5,78.3,1,1.3,96.4
STU0010,7.4,92.1,8.9,5.1,81.7,1,3.1,100.0
STU0450,1.8,95.4,8.2,6.7,66.4,1,2.8,79.4
STU0937,1.2,98.0,5.2,5.4,71.3,0,2.6,80.1
STU0390,8.3,81.9,4.3,1.5,64.3,0,7.1,93.4
STU0632,9.1,82.3,7.7,0.9,81.1,1,2.7,100.0
STU0461,2.1,85.3,6.0,5.4,73.5,0,5.1,78.4
STU1109,7.3,88.9,8.2,0.7,59.1,0,1.9,98.6
STU0145,3.6,85.8,6.2,6.1,65.8,1,0.6,82.9
STU0502,5.8,82.2,6.4,7.4,79.4,0,1.7,86.7
STU1112,3.0,67.3,8.1,,70.3,0,1.0,77.0
STU0540,2.2,88.9,5.5,6.2,60.4,1,0.7,79.3
STU0178,4.5,74.6,10.0,6.7,64.0,0,6.6,77.2
STU1163,4.0,88.3,8.7,1.8,69.3,0,2.1,90.3
STU0959,2.5,76.9,6.9,7.1,57.3,0,1.2,70.6
STU0591,2.2,74.8,6.3,2.0,69.1,0,0.7,86.2
STU1200,2.2,96.1,6.3,2.5,64.0,1,6.9,86.1
STU0008,8.8,80.0,6.3,5.8,51.9,0,1.5,87.7
STU0928,5.9,78.3,6.0,7.0,63.9,0,5.9,84.3
STU0851,1.6,80.7,7.7,7.4,78.3,0,0.9,77.5
STU0358,6.3,71.7,8.0,2.5,63.5,1,5.9,91.6
STU0330,3.2,89.2,7.3,5.2,85.7,0,5.2,86.4
STU0712,6.4,74.3,6.8,7.4,89.6,1,5.0,94.9
STU0838,4.3,76.6,6.7,5.3,100.0,0,5.6,84.4
STU0259,6.1,75.2,6.7,3.3,76.0,0,0.0,97.9
STU0901,2.9,84.0,6.4,6.1,76.6,0,7.6,75.7
STU0972,9.4,82.0,7.7,2.2,69.8,0,6.9,96.8
STU0737,4.5,98.0,7.5,3.6,89.2,0,6.5,95.0
STU0837,9.2,82.5,8.5,3.5,64.2,1,0.1,100.0
STU0526,5.2,100.0,8.2,8.0,78.9,0,1.7,92.7
STU0821,8.2,86.9,6.8,5.8,68.6,0,4.6,80.3
STU0666,2.4,94.0,5.9,1.4,53.2,0,2.8,83.9
STU0869,8.8,81.8,7.3,6.1,82.4,0,0.8,100.0
STU1145,3.4,85.9,8.1,4.4,63.2,0,4.3,78.0
STU0441,1.8,80.6,8.0,1.5,71.0,0,4.1,86.2
STU0532,10.0,91.7,7.7,6.4,50.8,0,1.2,95.8
STU0970,5.3,100.0,7.7,2.9,77.9,0,7.9,100.0
STU0229,9.0,78.1,6.6,1.4,51.0,1,1.4,93.8
STU0094,6.1,79.3,6.2,7.5,70.4,0,5.4,85.4
STU0213,6.9,82.0,7.8,5.4,75.0,1,6.5,90.6
STU0080,2.0,91.4,7.4,1.2,49.9,1,1.0,78.2
STU0149,1.5,69.4,7.8,0.6,85.1,1,4.9,81.1
STU0599,2.7,100.0,8.2,7.3,55.1,1,1.2,82.4
STU0715,4.1,84.2,8.8,7.7,72.3,1,6.9,82.3
STU0597,7.0,81.3,9.4,6.2,100.0,0,4.1,100.0
STU0134,4.0,56.5,7.5,4.8,65.4,1,7.8,70.8
STU0789,5.2,88.3,6.8,6.2,66.0,1,0.7,86.0
STU0409,9.1,78.9,8.2,2.7,87.7,1,0.5,100.0
STU0680,8.8,100.0,6.0,2.4,81.6,0,2.6,100.0
STU0508,8.4,87.8,8.3,0.0,73.5,1,3.6,100.0
STU0886,2.6,94.0,5.3,2.7,56.4,1,6.7,80.6
STU0505,7.2,93.6,7.2,1.6,56.9,0,1.8,96.5
STU0819,1.5,94.8,7.1,4.9,53.3,0,4.7,83.4
STU0348,1.4,86.4,7.9,7.2,90.7,1,7.8,75.9
STU0387,3.5,85.1,6.8,6.0,87.8,0,4.3,97.8
STU0001,4.4,100.0,7.9,5.5,45.7,1,2.6,89.0
STU0361,4.5,74.0,7.0,7.8,61.8,1,7.3,74.9
STU1138,5.5,79.2,9.3,3.2,63.7,1,5.9,96.0
STU0476,9.9,92.2,5.6,4.2,71.2,0,6.8,96.3
STU0863,5.7,66.2,8.8,0.6,75.8,0,2.3,91.2
STU0761,2.4,87.8,6.5,0.0,78.6,0,4.4,86.5
STU0173,5.6,95.0,8.3,1.5,59.5,1,1.0,92.4
STU0451,8.0,78.9,7.3,5.4,69.0,1,4.2,95.0
STU0126,4.8,87.6,7.0,6.6,81.3,0,4.7,80.9
STU1169,1.1,91.7,9.0,3.6,59.8,1,6.4,80.0
STU0531,8.3,97.9,7.2,3.1,66.8,1,4.3,100.0
STU0091,2.1,81.8,9.5,6.6,62.8,0,5.0,78.6
STU1166,8.4,73.6,7.4,0.1,69.3,1,2.9,100.0
STU0182,2.0,100.0,8.1,1.0,73.5,1,3.7,91.7
STU0667,3.2,61.4,7.0,0.9,77.0,0,5.2,78.1
STU1011,3.0,95.9,7.6,1.2,89.4,0,5.3,98.6
STU0252,4.5,74.0,7.3,7.0,83.7,1,7.7,79.1
STU0070,9.9,91.4,7.0,4.6,82.3,0,2.5,100.0
STU0132,3.0,81.3,7.2,5.1,80.2,1,0.2,97.4
STU0301,1.5,94.6,8.3,1.6,61.0,0,0.9,86.9
STU0677,2.0,80.2,6.9,3.1,72.9,0,7.0,79.6
STU0327,6.0,97.3,7.8,3.2,67.4,0,7.0,99.6
STU1179,7.8,76.0,7.6,0.7,90.5,0,6.0,100.0
STU0500,9.9,74.0,7.8,8.0,70.2,0,0.7,93.1
STU0981,4.0,73.1,7.5,3.1,60.2,1,5.7,85.1
STU1024,9.7,97.6,6.6,3.4,79.1,1,6.8,100.0
STU0496,4.2,76.6,8.7,6.0,79.6,1,2.1,88.7
STU0339,5.3,83.9,6.1,5.3,87.3,0,0.7,92.3
STU0974,2.9,81.7,8.0,5.6,51.3,1,3.7,80.5
STU0165,1.8,92.3,,4.6,65.9,0,0.2,85.9
STU0029,6.3,88.4,6.5,2.0,58.3,1,1.9,88.2
STU0517,4.4,89.0,5.7,3.4,66.8,0,4.4,92.5
STU0194,6.7,96.9,7.9,0.0,75.0,0,4.4,100.0
STU1090,3.1,65.0,6.4,3.1,58.9,1,0.8,76.3
STU0170,6.3,65.0,8.7,0.4,78.2,0,6.0,96.6
STU0717,8.5,74.4,7.3,3.9,44.8,0,0.1,90.2
STU0174,3.0,56.0,5.8,4.3,71.2,0,5.6,67.2
STU0519,9.9,79.7,6.6,4.1,68.6,1,5.7,95.2
STU1107,4.6,95.6,5.5,0.4,63.0,1,6.2,91.6
STU0709,3.3,75.4,9.3,3.7,73.4,1,1.7,91.8
STU0492,6.6,90.1,8.7,5.2,73.0,0,4.8,100.0
STU0074,8.3,94.2,6.8,0.6,51.0,1,1.5,100.0
STU0992,7.3,80.3,,1.4,60.2,0,4.9,90.3
STU0588,2.2,83.8,4.5,4.4,60.1,1,7.9,71.1
STU0235,2.8,71.1,5.2,6.7,77.9,1,5.3,81.6
STU0215,7.4,83.5,7.6,3.8,80.6,1,1.9,100.0
STU0957,5.7,84.7,6.8,3.6,91.7,0,1.1,97.3
STU0133,2.1,92.7,7.5,6.3,68.6,0,2.7,82.0
STU0784,4.1,83.8,,3.8,70.2,0,1.8,88.6
STU0740,4.4,80.0,5.9,5.1,67.1,0,5.6,80.1
STU0951,6.4,68.2,7.3,1.6,100.0,0,7.5,95.6
STU0186,6.9,90.0,7.6,2.9,77.9,0,3.5,96.5
STU0042,5.5,70.7,7.6,3.2,82.1,0,2.9,93.2
STU0109,3.1,72.7,7.0,0.2,62.0,1,2.0,84.0
STU1182,4.1,91.0,7.0,6.9,86.8,0,6.5,89.3
STU0569,9.1,100.0,8.3,7.0,78.2,0,4.2,100.0
STU0658,4.3,91.9,6.6,5.1,43.7,1,6.7,72.1
STU1012,9.9,86.0,6.7,4.8,75.0,0,3.2,100.0
STU1159,8.8,79.9,6.6,4.6,71.3,0,2.0,98.0
STU0484,6.6,90.6,5.6,0.6,85.4,0,1.8,100.0
STU0469,3.0,71.5,6.3,1.1,70.0,0,7.7,73.9
STU0025,5.1,72.5,7.0,6.1,58.2,0,3.9,74.9
STU0668,2.4,74.9,6.0,7.1,67.5,0,5.7,67.0
STU1174,3.3,76.0,5.9,4.6,91.2,1,7.1,87.0
STU0760,8.1,87.0,8.7,1.6,76.5,1,5.0,100.0
STU1005,8.3,80.3,4.9,1.3,60.7,1,1.1,96.2
STU0367,9.7,85.8,5.5,5.5,79.8,0,2.6,100.0
STU0848,10.0,71.8,7.1,0.3,64.8,0,4.1,100.0
STU1106,2.6,90.1,9.3,8.0,63.3,1,2.4,83.8
STU0384,8.9,93.2,,6.3,58.7,1,0.1,99.9
STU0455,2.0,100.0,6.9,5.8,89.1,0,6.9,88.0
STU0265,8.9,79.0,5.2,4.4,67.4,0,2.8,97.2
STU0768,8.9,100.0,,1.2,49.7,1,3.9,100.0
STU0991,8.2,83.3,8.3,7.0,84.3,0,3.9,97.3
STU0445,8.3,71.3,6.6,3.7,78.7,1,3.2,100.0
STU0396,9.4,89.9,6.6,0.9,70.4,0,5.3,100.0
STU1078,7.1,87.1,6.2,,74.5,0,7.4,94.0
STU0177,7.2,96.1,9.4,7.6,64.1,0,0.5,97.8
STU0019,4.9,69.7,5.1,0.5,52.2,1,0.4,81.9
STU0713,5.2,85.2,7.4,3.4,67.3,0,4.0,91.2
STU1173,6.7,88.8,7.4,1.1,53.8,0,1.7,94.0
STU0596,5.3,75.4,8.8,4.1,63.7,1,0.4,91.2
STU0062,3.4,85.3,7.7,3.1,62.3,0,1.3,95.9
STU0273,8.8,86.3,6.1,2.1,68.8,1,4.6,100.0
STU1147,8.2,78.8,5.9,4.1,70.4,0,7.6,88.1
STU0279,7.3,78.0,5.4,3.9,80.5,1,0.9,100.0
STU0850,6.4,84.6,6.0,2.7,69.2,0,7.8,90.8
STU0369,2.8,94.2,6.7,3.1,67.3,0,7.6,85.2
STU1071,3.7,83.4,6.6,0.8,66.0,0,6.8,76.0
STU0827,4.1,90.1,5.9,5.0,82.3,0,3.4,93.3
STU0868,2.6,77.5,7.1,4.0,76.4,0,0.6,82.8
STU0728,8.2,82.0,6.4,7.5,64.6,0,0.9,90.1
STU0781,7.2,83.7,6.5,6.5,55.4,1,1.0,86.7
STU0548,7.0,91.5,4.6,7.9,67.8,0,4.8,85.3
STU0889,1.9,63.5,5.2,2.9,68.9,1,0.9,74.7
STU0910,4.4,86.1,7.2,2.0,74.4,0,1.8,86.4
STU0457,1.1,92.4,8.3,3.3,55.7,0,3.6,83.2
STU0394,8.0,90.3,10.0,0.5,90.0,0,5.4,100.0
STU0676,9.8,77.0,5.8,1.9,75.2,1,0.6,100.0
STU0922,5.4,89.3,8.4,7.5,64.9,0,1.1,83.9
STU0975,1.3,96.7,9.0,6.1,79.8,0,5.3,92.7
STU0376,3.9,77.4,6.3,2.5,67.2,1,3.4,88.3
STU0413,9.6,86.6,6.1,1.0,60.4,1,1.4,99.3
STU0075,7.4,85.6,7.9,4.5,58.7,1,0.8,91.4
STU1126,6.0,82.0,8.3,1.3,73.7,1,3.0,98.5
STU1091,9.5,91.4,6.1,7.1,67.7,0,4.0,95.3
STU0501,7.3,82.8,6.5,3.5,42.2,1,5.7,80.8
STU0808,9.3,68.8,8.8,4.2,71.6,1,2.6,100.0
STU0617,1.5,79.0,4.0,4.4,60.1,0,1.3,72.6
STU0115,6.7,95.8,9.4,3.5,71.8,1,6.1,98.9
STU0418,4.0,70.2,7.5,7.6,72.9,0,4.3,75.3
STU0602,3.5,73.8,6.4,1.6,57.8,1,0.8,80.5
STU0605,2.1,88.2,7.7,3.0,61.8,1,2.0,87.6
STU0090,5.2,80.2,6.9,5.0,84.3,0,6.3,91.1
STU1153,7.3,85.0,6.0,3.1,81.6,1,2.1,100.0
STU0499,9.8,100.0,8.7,4.8,77.7,0,3.5,100.0
STU0885,8.2,100.0,5.5,4.6,67.8,0,2.9,91.9
STU1158,8.9,72.8,8.8,6.4,62.6,1,1.1,99.4
STU0890,3.2,77.8,4.0,0.8,70.2,1,6.8,83.3
STU0012,9.7,79.4,5.2,1.5,72.4,1,6.3,100.0
STU0397,8.7,85.6,8.1,2.0,77.8,0,3.2,100.0
STU0762,3.8,82.4,7.5,0.3,98.7,1,7.9,94.4
STU0556,4.6,81.0,7.9,6.6,57.4,0,1.9,82.1
STU0043,1.3,86.3,8.2,0.9,56.5,1,7.0,74.3
STU0168,2.7,84.2,7.6,4.5,72.7,1,2.4,84.6
STU0417,3.6,94.5,9.9,1.1,69.0,0,3.9,90.6
STU0577,2.3,83.3,7.3,2.4,40.0,0,6.9,69.4
STU0268,7.3,89.4,5.3,5.9,93.3,1,0.4,100.0
STU0815,8.8,85.7,7.8,4.5,71.0,0,3.6,100.0
STU0427,5.0,79.2,6.0,5.6,58.1,0,6.9,76.3
STU0691,3.9,80.7,7.5,5.9,62.1,0,7.4,78.0
STU0545,6.6,83.7,7.3,6.0,77.5,0,2.1,91.7
STU0274,9.2,80.7,7.2,5.6,69.3,0,2.0,97.9
STU0675,4.7,78.5,7.4,4.9,65.4,0,1.0,82.3
STU0690,2.7,77.5,7.4,1.6,73.7,1,4.7,86.5
STU1059,5.3,92.3,5.6,1.3,73.1,1,4.0,97.9
STU1181,9.7,81.7,9.1,3.2,81.7,1,2.7,100.0
STU0993,3.4,65.2,6.4,7.6,83.1,0,3.2,77.4
STU0893,8.5,83.7,8.4,7.8,64.0,0,1.2,88.5
STU0258,7.3,94.4,6.1,3.9,81.3,0,1.7,100.0
STU0336,1.4,75.8,5.5,7.1,59.9,1,7.5,66.3
STU0016,2.7,84.0,7.3,7.3,77.3,1,3.8,77.1
STU0912,3.4,82.9,6.8,6.8,46.5,0,1.6,78.4
STU0325,9.6,65.1,6.9,1.7,75.1,1,3.5,98.9
STU0608,4.3,69.1,6.4,1.3,86.5,0,6.8,84.9
STU1058,4.6,90.1,8.6,1.8,66.9,0,0.6,94.5
STU0921,8.8,94.7,7.5,5.5,47.8,0,0.2,97.5
STU0223,1.8,75.1,8.3,7.0,60.3,0,1.3,72.5
STU0180,2.2,74.5,6.8,0.6,73.6,0,7.2,77.2
STU0100,2.0,86.2,6.3,0.3,71.6,0,4.7,82.5
STU0522,4.4,85.2,8.1,5.0,54.8,0,6.5,74.8
STU0023,3.6,82.6,6.8,5.4,57.3,0,6.5,73.9
STU0357,1.2,77.1,6.3,6.1,51.5,0,1.2,75.6
STU0734,5.7,83.8,7.6,0.4,75.9,0,3.5,92.1
STU0971,7.0,90.6,6.8,7.5,81.7,0,7.5,83.9
STU1116,6.2,86.5,8.3,2.4,43.9,0,5.1,88.4
STU0612,8.2,56.3,8.0,4.0,64.3,1,3.9,90.1
STU1082,1.8,94.4,7.5,0.2,80.7,1,5.9,84.9
STU0341,5.4,77.6,7.8,7.5,70.7,1,1.9,85.5
STU0432,7.9,86.8,8.1,1.4,68.5,0,0.5,100.0
STU0790,9.5,86.9,7.8,6.8,53.9,0,7.1,86.4
STU0218,7.7,85.2,8.3,2.2,58.5,0,6.1,89.5
STU0204,9.1,89.2,6.9,7.7,79.1,0,0.4,100.0
STU0948,9.1,99.0,9.2,7.9,70.2,1,7.0,98.0
STU0933,9.9,83.7,7.4,2.5,83.9,0,2.7,100.0
STU0094,6.1,79.3,6.2,7.5,70.4,0,5.4,85.4
STU1102,9.7,80.1,7.0,4.6,78.9,0,2.5,100.0
STU0069,1.7,100.0,7.5,7.0,93.4,0,4.5,94.3
STU0905,4.8,94.5,7.5,0.4,68.5,1,0.3,94.6
STU0285,6.2,77.8,5.7,2.3,63.5,0,0.5,91.8
STU0697,3.6,100.0,6.9,1.3,88.3,0,0.2,100.0
STU0086,3.9,78.1,6.5,4.7,78.2,0,4.7,82.1
STU0435,1.8,86.2,5.9,3.8,81.5,1,7.1,84.8
STU0804,6.5,81.5,6.5,3.5,82.4,1,6.6,97.4
STU0154,5.4,81.5,6.2,3.1,59.9,0,2.1,85.5
STU0076,7.6,78.5,5.4,7.3,63.3,1,7.2,78.0
STU1047,3.1,84.8,5.8,7.8,72.7,0,6.7,76.3
STU0581,5.1,85.9,6.6,1.0,84.2,1,2.8,98.6
STU0447,9.9,99.7,10.0,6.6,82.1,0,5.9,100.0
STU0704,2.2,76.5,5.9,5.9,71.4,0,3.8,78.4
STU0189,5.8,100.0,8.0,7.6,80.1,1,7.5,97.1
STU0272,8.3,98.6,7.1,4.5,77.0,1,1.2,100.0
STU0237,3.5,95.2,6.2,6.9,55.8,0,2.1,78.5
STU0488,3.5,94.3,7.8,3.4,78.0,1,6.5,97.2
STU1164,7.7,88.0,4.0,4.0,84.2,0,2.8,99.7
STU0560,6.6,67.4,5.2,2.5,77.4,0,4.0,89.6
STU0118,2.7,93.8,7.1,0.4,79.8,1,0.1,100.0
STU0638,3.2,82.2,8.0,1.5,85.9,1,3.8,94.4
STU1081,8.1,91.6,8.1,3.4,63.5,0,3.1,97.6
STU0751,2.1,95.0,7.4,7.7,97.3,0,0.6,88.9
STU0513,9.4,91.6,9.2,1.0,78.8,0,3.5,100.0
STU0634,5.8,77.5,6.0,3.1,56.2,0,6.9,80.6
STU0918,9.5,74.7,4.5,3.0,69.5,1,3.7,100.0
STU1113,3.0,78.1,7.0,2.1,86.2,1,3.6,93.6
STU0964,4.5,85.1,7.9,6.6,84.4,0,4.2,85.3
STU0127,8.4,79.5,5.5,4.7,75.8,0,4.2,96.2
STU0117,8.2,83.3,8.9,3.0,76.2,0,6.5,98.7
STU0474,9.0,90.4,7.7,2.9,57.0,1,1.4,100.0
STU0741,5.2,93.4,7.6,1.5,70.9,0,2.5,100.0
STU1004,7.6,90.0,7.0,3.8,54.8,0,4.0,97.4
STU0058,2.8,73.4,8.8,4.7,56.2,0,2.0,76.0
STU0604,1.8,67.3,9.0,2.3,75.2,0,1.6,89.1
STU0787,6.3,79.6,7.8,7.0,66.3,0,4.9,90.0
STU1037,4.1,90.6,5.6,6.9,66.7,0,5.6,78.5
STU0657,3.6,89.3,6.4,2.4,83.2,0,5.5,86.8
STU0913,6.6,83.7,7.7,4.5,65.6,0,7.4,89.8
STU0932,8.5,87.6,6.5,1.1,79.9,0,1.6,100.0
STU0106,3.2,91.5,8.1,3.9,60.7,0,5.0,82.5
STU0636,5.0,93.8,6.2,2.7,60.1,0,5.3,93.5
STU0370,1.6,82.1,6.7,1.0,86.7,1,7.4,91.5
STU0269,4.2,84.8,5.9,0.2,48.1,0,6.2,73.8
STU0656,2.1,85.6,5.7,1.9,68.3,1,7.9,87.2
STU0047,3.8,80.5,6.0,5.3,69.8,1,3.0,83.7
STU0350,6.6,88.9,8.7,1.8,79.3,0,4.4,100.0
STU0774,4.6,89.9,6.5,4.6,69.7,1,0.3,86.7
STU0196,4.1,73.6,9.0,5.1,74.6,0,3.7,81.1
STU0103,3.8,82.4,6.2,4.6,41.5,1,7.4,69.3
STU0005,2.4,70.5,7.8,7.2,69.2,0,0.8,72.1
STU0620,7.7,88.0,5.6,3.3,68.5,0,1.0,100.0
STU1002,5.9,100.0,6.5,0.5,79.4,0,4.4,100.0
STU0053,9.5,92.9,6.8,5.2,62.9,0,1.5,100.0
STU0264,5.7,71.7,5.9,3.8,66.4,0,7.8,79.2
STU1097,3.0,54.8,7.3,,55.1,0,3.9,69.8
STU0444,4.3,100.0,5.3,4.8,84.2,0,0.1,96.5
STU0983,2.0,100.0,5.6,,65.1,1,2.0,84.7
STU0783,3.3,96.1,6.4,3.1,78.5,0,3.1,96.7
STU1050,1.2,94.5,6.4,3.8,72.5,0,7.7,77.4
STU0692,4.8,96.5,4.7,4.4,67.2,0,0.4,91.6
STU0305,7.5,84.1,7.0,7.1,63.2,0,5.6,88.6
STU0342,5.3,97.4,6.7,8.0,66.3,1,1.4,93.6
STU0876,2.4,69.9,9.3,0.9,73.9,1,2.4,92.7
STU0314,9.7,83.0,8.7,1.6,81.0,0,7.2,100.0
STU0150,3.5,80.7,5.6,3.5,81.4,0,5.2,79.7
STU0125,3.1,89.9,5.3,6.6,83.0,1,0.6,85.5
STU1067,3.1,88.5,5.2,3.7,57.4,1,0.2,85.8
STU0575,8.8,76.8,9.4,0.5,63.3,0,1.8,100.0
STU0698,6.2,95.8,9.0,7.3,69.0,1,5.9,96.7
STU0665,1.9,89.4,6.5,6.4,81.8,1,6.8,85.3
STU0051,9.7,69.2,9.4,6.5,60.8,0,4.6,90.2
STU0727,2.3,88.4,8.5,6.4,64.9,0,7.4,74.5
STU0800,9.3,93.1,7.3,2.6,51.3,1,7.4,96.0
STU0834,2.6,92.4,,6.4,70.6,0,5.2,76.1
STU0354,2.5,83.5,9.1,5.4,61.2,0,2.5,79.7
STU1157,2.4,79.5,5.1,3.9,61.8,1,6.0,79.0
STU0143,5.5,84.5,7.4,0.5,73.1,0,7.8,90.0
STU0471,1.1,97.0,8.4,4.4,89.3,0,0.1,100.0
STU0654,7.7,96.5,6.2,1.1,72.9,0,2.1,100.0
STU0400,7.8,83.6,7.7,7.0,57.3,0,3.0,83.5
STU0908,4.1,88.6,7.5,4.9,64.6,0,7.6,77.1
STU0926,1.2,94.2,6.1,6.1,81.1,1,4.1,88.4
STU0321,5.9,87.3,6.1,0.7,69.9,0,2.4,97.4
STU0020,3.6,78.1,6.0,6.1,67.5,0,5.5,80.5
STU0685,9.4,93.8,9.1,1.0,69.4,0,5.8,100.0
STU0036,8.3,92.1,8.4,4.0,64.4,1,8.0,91.2
STU0825,5.8,78.5,7.6,1.5,60.8,0,2.2,87.8
STU0506,2.5,79.2,7.4,3.3,40.0,1,4.7,75.9
STU0828,4.1,98.7,9.1,,76.0,0,4.4,89.9
STU1075,9.9,77.1,7.3,0.3,46.0,1,4.3,91.7
STU0408,1.1,81.6,6.6,5.5,63.1,1,5.4,72.0
STU0818,4.6,87.4,5.6,3.0,61.5,1,5.3,95.4
STU0538,3.2,90.9,5.4,6.9,47.0,1,4.7,71.7
STU0759,9.0,80.4,6.4,1.0,78.8,0,5.1,96.0
STU1073,1.4,78.2,7.2,2.3,66.7,0,0.7,76.7
STU0903,2.6,92.1,4.0,2.5,54.4,0,6.6,78.3
STU0039,7.2,78.2,6.0,8.0,75.9,0,1.9,86.3
STU0176,2.6,83.6,7.3,0.4,88.0,1,3.5,96.8
STU0246,9.4,84.4,7.6,1.1,59.2,0,5.7,99.9
STU0811,9.9,94.5,5.0,5.8,81.5,1,4.9,100.0
STU1089,9.9,82.4,5.0,3.8,70.7,0,0.2,95.7
STU1064,4.8,92.5,7.9,3.9,60.4,0,7.5,80.0
STU0785,2.6,63.3,6.1,6.8,68.3,0,1.4,63.2
STU1190,7.4,75.1,5.8,3.5,61.0,1,7.8,80.0
STU0490,9.0,87.7,7.1,1.6,74.6,0,3.7,100.0
STU0155,9.9,81.8,8.4,0.4,71.2,1,5.7,100.0
STU0639,3.4,85.7,7.0,1.2,79.9,0,4.0,99.7
STU0663,6.5,74.3,7.7,1.6,70.0,0,1.6,88.0
STU0854,9.1,84.2,8.5,5.9,69.8,0,4.2,95.8
STU0288,5.9,97.5,7.3,2.3,90.6,0,2.0,100.0
STU0626,4.3,76.7,6.8,0.3,77.2,1,3.3,95.2
STU0431,2.3,70.2,7.4,7.0,76.9,0,2.8,77.4
STU0686,6.0,84.2,6.6,2.5,76.0,1,4.1,99.5
STU1019,9.2,88.8,6.2,5.5,52.0,0,6.8,89.4
STU0882,7.0,94.0,6.4,0.3,69.9,0,3.4,100.0
STU0570,4.1,97.1,5.4,7.2,68.3,0,5.5,81.0
STU1148,6.9,81.8,8.6,7.9,55.7,1,7.2,81.6
STU0735,4.2,63.8,5.7,3.2,61.2,1,0.3,77.4
STU0793,5.6,90.1,6.1,1.3,70.4,1,3.7,98.5
STU0018,5.7,74.3,8.8,2.5,64.8,0,2.9,91.0
STU0128,8.7,78.3,7.4,2.8,82.9,0,5.9,99.1
STU0323,6.9,88.3,5.9,1.4,66.7,0,1.8,93.4
STU0256,6.0,69.3,6.9,2.8,63.4,0,4.3,84.8
STU0954,9.2,100.0,7.2,4.5,75.0,0,6.3,100.0
STU1184,9.4,83.4,7.5,7.7,66.7,1,6.1,93.1
STU0191,1.8,87.0,6.3,3.1,63.0,1,3.7,80.7
STU0116,8.8,84.6,5.1,5.2,77.0,1,0.2,99.1
STU1178,2.0,100.0,8.3,3.0,71.3,0,7.5,94.2
STU0899,1.1,74.1,7.2,3.6,65.0,1,3.2,75.8
STU0607,2.9,80.3,9.4,4.4,81.9,1,7.7,88.2
STU0181,4.1,78.8,7.6,1.4,85.2,0,6.9,84.6
STU0302,5.8,100.0,6.6,0.2,67.3,1,6.3,94.7
STU0497,6.3,74.6,7.5,4.1,70.2,0,4.3,87.7
STU0349,4.4,100.0,6.7,2.0,59.4,0,8.0,86.9
STU1040,3.8,83.5,7.2,4.4,72.3,0,0.0,85.3
STU0994,6.3,92.5,6.3,1.8,63.4,1,1.6,89.2
STU0745,3.1,81.1,4.5,2.3,71.9,0,7.8,76.9
STU1086,5.2,75.6,8.8,7.1,66.7,0,3.6,80.8
STU0966,4.2,83.9,7.5,7.5,80.1,0,3.7,86.5
STU0518,8.3,78.5,6.1,1.0,65.2,0,4.5,94.1
STU0373,1.8,78.3,7.7,4.6,53.3,0,3.6,76.1
STU0046,7.0,78.5,7.2,3.1,66.0,0,1.7,95.2
STU0477,1.7,95.0,6.3,3.5,83.2,0,0.2,86.3
STU0158,7.9,89.3,7.6,3.9,43.2,0,1.6,82.2
STU1051,8.9,77.3,8.2,6.9,72.4,1,5.4,92.0
STU0172,1.1,88.5,5.2,0.4,60.9,0,4.0,84.9
STU0017,3.7,100.0,6.7,0.2,76.1,0,3.0,100.0
STU0512,4.8,92.3,7.5,1.3,66.3,0,7.0,92.6
STU0049,5.9,80.5,5.1,5.2,84.6,1,5.4,93.4
STU0192,9.1,95.5,5.7,4.4,56.1,0,6.3,93.1
STU0547,2.0,77.2,5.8,4.3,68.1,1,4.2,76.9
STU0516,1.2,72.0,6.2,7.4,68.0,0,4.0,65.8
STU0989,3.2,77.1,6.8,6.4,73.3,0,5.3,82.9
STU0949,8.9,79.4,7.9,1.7,67.3,1,2.3,100.0
STU0829,7.6,83.6,8.1,3.9,73.0,0,2.6,95.2
STU0995,4.2,74.3,,2.6,54.0,1,7.7,78.0
STU0481,6.7,81.8,8.1,1.1,63.6,1,2.3,100.0
STU1133,1.7,93.5,6.7,5.9,51.6,0,3.3,74.8
STU0284,1.8,78.1,8.8,4.1,74.3,0,4.7,84.8
STU1034,2.1,87.9,7.5,7.7,59.8,0,3.3,74.2
STU0798,6.1,95.9,7.3,1.7,67.4,0,6.9,99.1
STU0950,6.4,82.9,7.7,1.0,58.9,0,0.7,91.1
STU0226,3.2,71.8,5.4,3.2,55.7,1,5.9,72.8
STU0027,2.8,84.2,5.5,3.3,64.9,0,5.1,79.1
STU0283,4.4,72.6,8.0,4.8,57.9,0,1.6,77.0
STU1154,7.1,91.0,7.0,2.8,69.8,1,4.0,100.0
STU0438,8.4,83.4,6.5,1.3,77.1,0,3.8,99.2
STU1172,9.8,93.2,8.4,6.9,67.3,0,5.8,94.7
STU0365,9.5,84.9,6.4,6.3,45.8,0,5.7,85.8
STU0230,6.7,100.0,7.2,6.4,75.0,1,1.8,99.8
STU0038,1.9,99.4,5.8,5.3,49.1,0,1.2,72.3
STU0670,3.6,100.0,4.9,5.5,61.3,1,2.9,86.4
STU0750,6.6,100.0,6.2,5.7,50.8,1,4.6,90.9
STU1187,7.2,92.4,6.6,2.8,69.6,1,3.1,100.0
STU0375,1.6,83.3,6.6,4.0,50.6,0,1.3,73.5
STU0470,9.7,75.3,7.3,0.1,75.0,0,0.8,100.0
STU0883,1.2,80.2,6.9,3.6,71.6,0,2.8,79.6
STU1186,9.4,75.0,5.8,2.0,67.6,0,5.7,94.9
STU0688,3.5,100.0,8.0,1.3,57.6,0,0.3,93.5
STU0033,1.6,91.4,5.7,3.0,62.4,0,0.1,80.7
STU1149,8.7,91.2,8.4,4.9,81.1,0,7.0,100.0
STU1043,3.9,90.9,5.9,1.6,51.9,1,7.2,79.3
STU0195,4.1,91.4,7.5,5.4,71.3,1,1.4,89.0
STU1110,2.4,79.9,5.5,1.2,90.2,0,1.4,87.3
STU1118,8.9,96.2,7.9,7.6,71.9,0,0.4,100.0
STU0962,6.4,84.9,7.2,7.3,94.8,0,5.7,94.1
STU0504,8.3,93.2,7.6,0.4,84.4,0,3.3,100.0
STU0916,4.9,85.9,7.3,0.1,90.8,1,3.1,100.0
STU1016,9.3,81.6,6.3,3.3,80.9,0,2.9,100.0
STU1188,1.6,79.9,7.5,7.2,77.9,0,1.7,79.1
STU1092,6.8,72.6,7.9,7.2,52.0,1,5.5,84.5
STU0801,7.4,88.7,8.9,4.5,72.4,0,2.0,88.3
STU0580,3.3,94.6,7.0,6.3,71.8,0,1.7,84.3
STU0161,4.3,82.4,6.3,1.2,63.4,1,3.3,91.4
STU0681,8.4,88.2,8.1,0.7,73.9,1,3.1,100.0
STU1135,7.1,88.9,5.9,2.3,67.5,0,5.8,92.6
STU0163,6.7,84.3,9.1,0.5,84.1,1,3.8,100.0
STU0822,1.0,95.0,5.0,7.4,65.8,1,0.5,80.5
STU0706,9.9,95.3,6.7,7.0,43.4,1,5.5,91.1
STU1020,1.3,84.7,6.1,5.3,59.0,0,1.4,73.0
STU0878,6.9,69.2,5.4,3.5,59.8,1,3.1,88.5
STU0896,2.8,78.5,8.4,5.6,56.5,0,2.1,77.2
STU0914,4.7,66.2,7.2,4.1,72.6,0,6.8,87.3
STU0852,7.7,78.1,7.2,0.1,61.8,0,7.5,82.2
STU0153,2.3,81.5,4.9,1.6,74.2,0,6.3,80.3
STU1010,5.4,89.7,5.8,7.1,77.2,1,4.8,85.4
STU1014,1.4,81.1,4.4,3.4,86.4,0,5.1,81.3
STU0510,7.5,100.0,8.1,6.8,58.3,0,1.6,92.3
STU0112,2.5,95.5,7.8,6.5,65.1,1,6.3,78.4
STU0227,9.8,100.0,8.5,3.3,58.5,0,4.6,100.0
STU0997,9.3,100.0,6.8,3.2,85.5,0,5.9,100.0
STU0852,7.7,78.1,7.2,0.1,61.8,0,7.5,82.2
STU0104,5.6,68.3,7.9,7.5,94.5,0,7.8,82.5
STU0422,8.1,82.8,9.5,6.5,67.6,1,2.2,95.0
STU0420,7.8,94.3,6.3,5.3,76.3,0,7.2,88.2
STU0968,3.7,81.3,8.5,7.5,59.9,0,3.8,77.7
STU0625,6.6,76.2,6.4,2.8,78.1,0,4.4,99.3
STU0587,1.7,84.2,7.4,6.6,64.3,1,3.1,81.5
STU1125,6.9,78.4,7.8,,47.3,1,5.3,83.2
STU0920,2.3,76.3,6.6,,62.9,0,4.0,82.7
STU0673,1.7,83.2,7.2,2.5,61.1,1,0.7,81.8
STU0120,5.9,69.2,5.4,7.2,63.6,0,2.9,75.5
STU0054,9.1,89.3,6.6,7.6,80.8,0,3.3,95.0
STU0152,3.2,93.5,7.6,1.5,56.4,1,6.6,87.3
STU0404,8.4,97.2,5.9,6.1,83.3,0,0.7,100.0
STU1194,6.6,92.8,5.9,2.2,73.0,1,4.3,100.0
STU0208,7.0,94.6,7.7,3.1,73.4,1,2.5,100.0
STU1139,5.3,60.6,5.9,1.4,60.8,1,4.9,79.2
STU0659,6.8,86.8,6.1,4.8,88.4,0,3.3,99.4
STU1101,1.5,87.1,7.9,1.1,75.2,1,1.6,89.2
STU0233,6.2,60.0,5.8,3.4,78.3,0,4.1,84.4
STU0009,6.4,74.8,7.1,2.9,83.9,0,5.7,96.6
STU0160,7.6,87.4,6.7,6.7,63.3,0,2.7,88.0
STU0037,3.7,84.1,8.9,1.3,70.5,1,2.3,97.0
STU0453,4.8,91.8,7.4,2.9,72.5,0,3.3,97.9
STU0652,5.8,76.9,,6.5,64.0,0,3.8,88.1
STU0254,3.9,98.9,5.9,7.9,79.2,0,7.5,83.8
STU0304,6.7,71.3,5.8,4.6,91.8,1,0.9,100.0
STU0897,3.6,86.7,4.8,2.3,73.7,1,3.6,99.8
STU1053,9.5,75.3,8.2,1.5,63.8,1,7.6,94.4
STU0881,3.1,69.2,8.3,3.4,59.6,0,8.0,71.0
STU0572,8.1,90.9,8.6,2.6,76.4,0,4.0,100.0
STU0624,5.4,83.0,8.9,7.6,56.6,0,2.1,82.8
STU0346,6.5,81.8,5.3,0.4,68.7,0,7.5,82.3
STU1035,1.7,90.2,6.4,5.6,60.9,1,0.9,77.5
STU1030,8.5,100.0,7.1,6.9,76.6,1,6.4,100.0
STU0263,2.3,86.1,4.8,1.3,72.6,0,3.6,82.6
STU0611,1.4,73.3,8.9,2.5,77.6,0,1.7,88.4
STU0298,2.9,83.7,7.6,3.3,66.4,0,5.5,70.6
STU0990,8.4,78.8,6.1,3.5,75.0,0,2.6,99.2
STU0415,6.7,89.4,6.7,6.4,52.7,0,5.2,82.6
STU0151,9.2,100.0,7.8,1.3,59.2,0,0.2,100.0
STU0946,1.1,92.8,9.0,3.7,55.6,0,5.6,84.0
STU0473,1.4,74.5,4.7,3.0,71.7,0,8.0,72.8
STU0953,2.6,94.6,8.4,3.4,64.9,0,4.6,88.1
STU0988,4.9,79.6,7.3,3.0,60.7,0,4.4,87.6
STU0779,7.5,91.7,6.5,1.0,74.1,0,4.7,100.0
STU0641,1.2,69.4,6.4,7.3,54.7,0,0.7,53.7
STU1195,1.4,84.8,5.1,5.9,66.1,1,6.7,72.1
STU1134,3.0,83.6,,8.0,83.8,0,7.5,78.5
STU0551,5.7,76.1,7.1,5.7,69.2,0,3.8,87.5
STU0640,4.4,90.2,7.5,7.5,71.9,1,5.9,88.5
STU0936,3.5,67.5,6.4,6.1,70.7,1,6.0,78.2
STU0929,6.7,98.9,6.3,5.2,71.8,1,6.3,94.2
STU0489,9.6,85.6,6.1,6.3,78.1,0,6.4,91.6
STU1085,9.5,77.3,9.0,6.1,48.3,0,7.4,87.1
STU0147,6.5,95.0,5.7,1.8,86.4,0,6.2,100.0
STU0403,5.5,100.0,7.6,6.9,78.3,0,7.3,90.4
STU0955,4.8,72.7,4.6,0.2,77.2,0,2.6,90.9
STU1129,4.4,80.2,5.9,0.1,76.4,1,2.3,91.0
STU0660,6.1,81.3,5.4,5.6,83.5,1,6.1,99.6
STU0464,6.3,78.2,6.5,,70.4,0,7.3,86.2
STU0187,8.4,86.5,,7.9,84.3,0,6.3,93.0
STU0609,5.5,90.1,6.6,5.5,59.8,0,1.8,87.1
STU0144,3.7,89.8,6.4,4.8,46.6,1,5.5,79.7
STU0752,9.5,80.7,6.8,3.4,55.2,0,7.5,91.9
STU0982,7.9,86.4,4.8,2.3,56.4,0,7.6,87.7
STU0198,9.1,73.5,7.8,3.9,85.4,1,6.0,100.0
STU0884,1.9,86.5,8.6,4.6,100.0,0,5.7,92.3
STU0280,8.2,78.4,8.0,1.1,58.4,0,7.9,85.9
STU0294,4.2,88.1,8.4,3.8,55.2,1,1.7,88.0
STU1093,6.5,85.6,5.7,2.7,86.4,1,2.7,100.0
STU0401,1.9,72.9,9.5,2.4,79.9,1,3.1,88.7
STU0123,3.9,78.7,6.8,3.5,59.2,0,2.7,84.5
STU0203,2.5,88.2,6.6,0.8,64.5,1,6.6,83.4
STU0836,4.8,69.0,5.7,0.7,71.0,0,4.4,85.1
STU0247,4.9,77.5,8.3,5.4,64.1,1,6.3,87.2
STU1144,6.1,97.4,6.0,1.8,46.3,0,4.4,84.9
STU0385,7.6,98.9,7.7,7.3,73.0,1,4.5,100.0
STU0855,2.8,70.0,7.9,3.9,71.8,1,5.8,85.6
STU0220,8.6,70.6,6.0,6.3,64.5,0,6.3,83.9
STU0642,3.9,79.7,6.8,7.1,72.5,0,5.3,76.1
STU0002,9.6,84.3,7.9,2.0,68.8,0,2.0,100.0
STU0113,9.4,100.0,7.1,2.2,61.8,1,0.7,100.0
STU0699,2.4,80.5,8.5,2.6,57.9,0,7.5,77.4
STU0952,7.0,76.9,6.7,6.2,57.1,1,3.0,89.8
STU1180,5.9,91.4,7.4,3.7,56.7,1,1.7,97.9
STU0442,9.9,76.2,6.7,5.8,69.5,0,5.4,96.3
STU0664,3.1,55.8,6.3,3.8,84.8,0,3.2,84.0
STU1100,4.2,97.4,8.5,7.7,69.2,0,3.6,81.9
STU0318,2.6,72.8,7.3,4.7,72.4,0,2.0,74.8
STU0649,8.1,68.8,6.7,2.8,77.0,0,1.1,91.0
STU0710,7.1,89.2,9.0,1.8,68.2,1,0.5,100.0
STU0973,7.6,92.0,6.2,2.7,62.8,1,7.1,97.3
STU0628,7.7,88.7,6.5,3.1,57.8,0,1.0,100.0
STU0633,5.6,84.8,7.8,7.9,64.0,1,1.1,85.2
STU1176,5.9,96.3,5.8,4.7,53.1,1,3.4,90.8
STU1111,8.3,84.7,7.2,3.5,80.1,0,6.2,100.0
STU0796,8.8,91.2,6.9,5.1,73.5,0,7.4,99.9
STU0646,9.0,71.4,5.1,2.7,85.5,1,5.7,100.0
STU1013,9.5,88.1,8.0,5.3,55.4,1,7.3,99.2
STU0557,2.2,87.2,7.4,2.7,80.4,0,2.1,82.7
STU0682,3.3,82.5,6.3,7.3,53.3,1,2.1,75.0
STU0578,9.3,80.5,8.3,2.6,100.0,1,5.8,100.0
STU0525,8.5,87.4,7.6,0.3,45.4,1,4.0,100.0
STU1060,6.6,90.2,8.1,2.7,84.3,0,5.5,100.0
STU0541,9.6,73.0,7.7,3.7,73.7,0,1.8,100.0
STU0749,9.2,97.2,5.9,7.7,67.8,0,2.6,94.6
STU1114,5.8,80.9,10.0,2.5,51.8,0,4.1,87.6
STU0485,6.3,89.6,6.8,5.3,62.0,0,0.3,87.5
STU0096,5.4,100.0,6.8,7.0,72.7,0,3.3,97.4
STU1021,7.3,96.3,6.9,0.3,85.9,0,2.2,100.0
STU0564,1.1,100.0,6.7,1.5,60.9,1,2.3,88.6
STU0743,7.7,82.6,6.2,4.4,44.7,0,2.2,86.5
STU0864,5.0,86.2,7.7,0.8,78.7,0,2.9,100.0
STU0892,8.7,75.1,7.7,7.7,81.7,1,1.7,100.0
STU1039,1.6,83.0,6.5,0.6,60.3,1,5.8,77.1
STU0207,1.9,82.6,8.1,2.5,55.7,0,1.6,75.9
STU0393,4.3,85.6,7.2,2.7,62.3,1,4.7,89.1
STU0795,1.2,92.4,6.8,4.3,69.8,1,6.9,79.3
STU0871,4.4,95.8,7.4,4.6,80.9,1,0.3,97.4
STU0398,4.9,65.2,7.6,2.5,50.4,0,4.1,74.5
STU0767,7.9,86.3,7.6,4.4,76.0,0,0.7,100.0
STU1104,9.3,75.3,4.6,2.2,43.0,0,5.1,80.3
STU1029,3.9,63.6,5.5,6.4,80.3,1,1.9,78.1
STU0643,2.9,92.9,,5.0,82.8,0,7.2,79.2
STU0613,6.7,84.7,7.5,6.4,60.7,1,0.2,95.4
STU0961,1.7,80.3,4.7,4.3,73.7,0,1.8,78.7
STU0726,8.6,81.5,7.3,2.9,59.8,0,0.0,89.5
STU0684,7.0,69.4,6.2,3.9,82.7,1,3.3,100.0
STU0099,1.2,85.4,8.7,5.8,56.9,1,1.7,84.2
STU0805,4.8,84.8,5.9,7.6,74.0,0,0.0,82.9
STU0407,4.5,86.5,,7.6,67.2,0,3.2,81.1
STU0503,3.8,88.1,7.4,2.8,69.7,0,1.6,95.1
STU1072,3.1,77.6,7.5,5.8,90.1,1,1.0,92.2
STU1057,7.9,94.5,6.1,3.8,63.5,0,7.5,93.1
STU0930,3.3,82.5,7.2,7.2,79.2,0,6.1,78.5
STU0780,6.8,100.0,5.6,2.6,66.7,0,1.3,96.4
STU0201,6.8,84.4,7.8,2.7,80.1,0,3.7,100.0
STU0135,9.5,96.5,8.5,3.3,76.5,0,7.0,100.0
STU1052,5.8,89.1,7.6,2.4,69.9,0,4.6,95.2
STU0041,2.1,84.6,6.7,2.8,65.1,0,4.2,80.9
STU1018,6.1,81.3,7.6,0.1,75.5,0,6.6,93.2
STU0231,8.2,94.8,4.9,2.7,67.4,0,4.6,100.0
STU0379,8.3,85.3,10.0,6.0,70.5,0,3.6,93.6
STU0289,3.6,78.3,7.7,5.9,59.2,1,3.6,80.3
STU0419,7.1,59.5,5.3,2.6,81.4,0,7.4,86.3
STU0392,4.7,83.1,6.0,3.0,68.1,0,7.0,83.7
STU0593,2.6,97.2,9.3,1.4,72.3,0,4.8,90.8
STU1087,6.5,93.3,,3.5,69.4,1,5.9,100.0
STU0648,7.1,84.6,6.7,5.1,73.7,1,3.2,97.4
STU0521,6.3,97.4,7.0,3.0,68.2,1,2.0,97.1
STU0065,3.5,82.5,9.4,1.7,45.2,0,0.1,75.0
STU0015,2.6,91.5,7.2,2.9,88.1,1,3.4,98.9
STU1065,4.8,96.9,9.7,1.4,65.8,1,0.5,100.0
STU0493,3.5,90.4,7.8,3.4,55.8,1,6.6,94.4
STU0380,3.5,84.9,8.5,1.9,77.5,1,6.3,88.3
STU0188,6.0,88.6,7.5,5.5,92.2,1,3.7,98.8
STU0764,7.7,80.3,4.4,1.9,61.8,0,6.2,86.2
STU0217,3.9,83.3,4.4,0.6,74.7,1,4.1,85.0
STU0792,6.3,80.6,8.6,3.4,67.5,0,2.5,98.4
STU1077,4.5,66.1,5.9,6.2,77.4,0,7.2,78.0
STU0879,1.2,87.7,7.6,6.8,76.2,1,4.5,80.5
STU0338,7.3,70.9,8.1,4.5,45.8,0,6.1,83.1
STU0720,7.6,94.9,6.0,4.6,76.8,1,4.5,100.0
STU0296,5.7,89.1,6.9,5.0,70.2,0,3.3,88.8
STU1017,2.6,91.2,7.5,,88.9,0,7.7,91.9
STU0456,5.4,78.9,8.5,0.9,70.2,0,1.2,90.2
STU0816,5.7,96.6,6.8,4.8,61.4,1,0.1,97.3
STU0270,3.6,90.5,5.8,2.8,62.8,1,4.6,85.1
STU0996,1.8,87.4,6.6,6.0,78.7,0,4.1,81.0
STU0202,1.8,88.3,8.0,1.4,76.2,1,5.2,92.4
STU0162,6.7,83.0,8.7,4.0,78.4,0,4.1,98.7
STU0730,2.5,98.2,6.7,5.9,66.0,1,2.7,87.3
STU0402,9.1,91.0,5.6,6.9,58.4,1,0.8,97.5
STU0703,4.0,89.8,5.0,7.6,86.5,0,7.4,79.2
STU1130,3.3,93.7,6.1,2.1,71.1,0,4.3,92.1
STU0566,6.3,86.8,6.8,2.3,62.2,0,3.4,89.7
STU1022,3.7,84.5,5.9,2.9,68.0,1,2.3,93.8
STU1026,5.3,78.5,6.6,7.3,73.3,1,0.6,77.5
STU1105,10.0,89.8,5.7,3.2,77.3,1,2.0,100.0
STU0206,1.1,89.5,6.6,5.8,82.6,1,4.4,82.2
STU0035,9.7,87.0,7.6,2.7,67.6,1,0.6,100.0
STU0776,2.3,96.1,7.4,5.2,67.8,1,6.6,82.5
STU0509,9.5,82.5,7.2,7.3,49.7,1,4.3,91.3
STU1189,3.7,82.7,6.9,7.7,83.1,0,5.1,83.6
STU0092,7.4,89.2,6.7,6.3,95.2,1,1.2,100.0
STU0898,9.1,89.4,6.5,5.0,54.7,1,0.2,99.2
STU0565,4.2,79.4,7.0,4.4,86.2,0,5.3,90.8
STU0777,3.1,89.1,5.2,0.5,78.7,1,1.3,93.6
STU0242,9.6,93.5,8.5,4.4,59.0,1,0.7,100.0
STU0014,2.9,93.7,7.1,4.5,72.2,0,1.0,86.9
STU0316,7.3,74.9,7.8,2.5,57.0,0,6.4,91.9
STU0601,2.5,80.1,6.1,7.1,62.7,1,1.0,72.0
STU0388,2.6,71.9,7.4,7.2,66.6,0,2.6,66.4
STU0167,3.9,92.3,6.0,7.0,53.7,0,3.2,76.6
STU0841,1.1,86.2,4.8,4.5,68.4,0,6.5,67.2
STU0021,6.5,84.5,6.9,5.6,84.5,1,3.5,96.8
STU0647,6.3,89.7,6.4,2.5,90.0,0,3.5,100.0
STU1155,6.6,70.6,4.4,3.5,60.7,0,6.8,83.9
STU0832,5.1,98.1,5.7,4.2,72.4,0,2.7,96.3
STU0563,2.2,79.5,5.8,,64.4,1,6.4,74.1
STU1175,6.7,76.3,7.3,6.9,73.8,0,4.9,89.3
STU0687,6.1,83.2,9.2,7.4,66.2,1,7.5,88.6
STU0958,1.4,87.8,7.4,6.5,76.1,1,2.3,78.2
STU0190,3.2,84.4,6.3,1.1,84.0,1,3.9,92.9
STU0976,3.4,88.7,8.3,7.4,75.1,0,7.2,82.7
STU0700,5.3,97.8,6.9,3.0,45.0,0,5.3,90.7
STU0511,6.5,89.9,5.8,5.9,100.0,0,1.2,100.0
STU1083,4.8,68.9,8.4,6.3,50.4,0,3.8,75.3
STU0475,5.7,96.9,6.2,2.8,59.6,0,4.0,89.9
STU0857,1.3,85.8,5.0,7.8,75.2,0,5.0,75.0
STU0748,5.9,81.8,5.9,1.7,61.2,1,1.1,88.4
STU0253,8.7,86.8,5.8,7.3,53.3,0,4.0,89.2
STU0022,2.3,87.4,5.0,2.7,51.7,0,1.6,78.9
STU0460,2.1,100.0,6.8,7.7,75.7,1,2.0,84.4
STU1185,1.9,85.4,9.5,7.7,57.6,1,3.5,68.4
STU0277,8.2,85.5,9.0,5.9,86.7,1,1.0,100.0
STU0956,4.4,79.1,5.7,0.3,81.5,1,5.7,93.3
STU0386,8.2,90.6,6.7,3.0,60.4,0,6.3,94.7
STU0806,7.6,82.0,8.1,5.8,87.7,0,4.5,94.9
STU0344,4.9,91.1,9.8,2.3,40.0,0,1.1,86.2
STU0770,8.4,78.2,9.1,4.8,60.2,1,6.6,90.6
STU0131,4.8,90.4,4.0,6.6,68.5,0,3.2,88.3
STU0872,3.4,85.2,6.8,1.0,71.5,0,5.3,83.2
STU1124,8.3,76.3,7.4,7.6,78.8,0,4.2,90.8
STU0088,6.7,87.0,7.3,0.6,60.1,1,4.4,95.0
STU0331,4.2,77.9,7.6,5.4,56.9,1,5.2,81.1
STU0467,3.6,81.3,8.0,6.2,76.2,0,1.9,81.5
STU0122,9.1,98.8,8.1,1.7,53.7,0,5.6,100.0
STU1045,9.0,91.6,,4.5,67.7,0,7.5,95.7
STU1096,2.6,71.9,7.8,7.7,89.1,1,5.6,79.0
STU1131,7.5,87.6,8.4,3.6,59.8,0,0.2,96.1
STU0861,8.0,88.2,5.6,3.9,51.0,0,4.0,91.0
STU1127,1.8,71.5,7.4,7.7,55.7,1,5.8,69.3
